{"cameraMode":{"drawMode":0,"name":"Shaded","section":"Shading Mode"},"sceneLighting":false,"audioPlay":false,"sceneViewState":{"showFog":true,"showMaterialUpdate":false,"showSkybox":false,"showFlares":true,"showImageEffects":true,"showParticleSystems":true},"in2DMode":false,"pivot":{"x":7.62277889251709,"y":27.821569442749025,"z":-11.289871215820313},"rotation":{"x":0.1893089860677719,"y":0.024220934137701989,"z":-0.0044263266026973728,"w":0.9816642999649048},"size":39.757389068603519,"orthographic":false}