{"cameraMode":{"drawMode":0,"name":"Shaded","section":"Shading Mode"},"sceneLighting":false,"audioPlay":false,"sceneViewState":{"showFog":false,"showMaterialUpdate":false,"showSkybox":false,"showFlares":false,"showImageEffects":false,"showParticleSystems":false},"in2DMode":false,"pivot":{"x":-4.392486572265625,"y":38.39817810058594,"z":-9.64621639251709},"rotation":{"x":0.16113534569740296,"y":0.046542391180992129,"z":-0.007357844617217779,"w":0.9858716130256653},"size":25.109451293945314,"orthographic":false}