{"cameraMode":{"drawMode":0,"name":"Shaded","section":"Shading Mode"},"sceneLighting":false,"audioPlay":false,"sceneViewState":{"showFog":false,"showMaterialUpdate":false,"showSkybox":false,"showFlares":false,"showImageEffects":false,"showParticleSystems":false},"in2DMode":false,"pivot":{"x":-0.18999996781349183,"y":12.239999771118164,"z":-15.069999694824219},"rotation":{"x":0.26405954360961916,"y":0.503799557685852,"z":-0.16479618847370149,"w":0.8058759570121765},"size":4.216734886169434,"orthographic":false}