{"cameraMode":{"drawMode":0,"name":"Shaded","section":"Shading Mode"},"sceneLighting":false,"audioPlay":false,"sceneViewState":{"showFog":false,"showMaterialUpdate":false,"showSkybox":false,"showFlares":false,"showImageEffects":false,"showParticleSystems":false},"in2DMode":false,"pivot":{"x":9.514984130859375,"y":27.607145309448243,"z":-8.773832321166993},"rotation":{"x":0.15736311674118043,"y":0.11151767522096634,"z":-0.01756121590733528,"w":0.9811224937438965},"size":45.69428634643555,"orthographic":false}