{"cameraMode":{"drawMode":0,"name":"Shaded","section":"Shading Mode"},"sceneLighting":false,"audioPlay":false,"sceneViewState":{"showFog":false,"showMaterialUpdate":false,"showSkybox":false,"showFlares":false,"showImageEffects":false,"showParticleSystems":false},"in2DMode":false,"pivot":{"x":8.674702644348145,"y":27.561885833740236,"z":-9.384862899780274},"rotation":{"x":0.0839054211974144,"y":0.006617654114961624,"z":-0.00032682204619050026,"w":0.9965040683746338},"size":39.248382568359378,"orthographic":false}