{"cameraMode":{"drawMode":0,"name":"Shaded","section":"Shading Mode"},"sceneLighting":false,"audioPlay":false,"sceneViewState":{"showFog":false,"showMaterialUpdate":false,"showSkybox":false,"showFlares":false,"showImageEffects":false,"showParticleSystems":false},"in2DMode":false,"pivot":{"x":0.3878900408744812,"y":9.009930610656739,"z":-6.937370300292969},"rotation":{"x":0.03716336190700531,"y":0.1395951211452484,"z":-0.004977285396307707,"w":0.9895632266998291},"size":59.313865661621097,"orthographic":false}