{"cameraMode":{"drawMode":0,"name":"Shaded","section":"Shading Mode"},"sceneLighting":false,"audioPlay":false,"sceneViewState":{"showFog":false,"showMaterialUpdate":false,"showSkybox":false,"showFlares":false,"showImageEffects":false,"showParticleSystems":false},"in2DMode":false,"pivot":{"x":-0.000644683837890625,"y":38.411834716796878,"z":-9.654577255249024},"rotation":{"x":0.055459555238485339,"y":0.029101433232426645,"z":-0.0013561652740463615,"w":0.9981040954589844},"size":55.87672424316406,"orthographic":false}