{"cameraMode":{"drawMode":0,"name":"Shaded","section":"Shading Mode"},"sceneLighting":false,"audioPlay":false,"sceneViewState":{"showFog":true,"showMaterialUpdate":false,"showSkybox":false,"showFlares":true,"showImageEffects":true,"showParticleSystems":true},"in2DMode":false,"pivot":{"x":3.5663278102874758,"y":27.47430419921875,"z":-9.534616470336914},"rotation":{"x":0.01800130121409893,"y":0.012623153626918793,"z":-0.000020884785044472665,"w":0.9998109936714172},"size":17.74852180480957,"orthographic":false}