{"cameraMode":{"drawMode":0,"name":"Shaded","section":"Shading Mode"},"sceneLighting":false,"audioPlay":false,"sceneViewState":{"showFog":false,"showMaterialUpdate":false,"showSkybox":false,"showFlares":false,"showImageEffects":false,"showParticleSystems":false},"in2DMode":false,"pivot":{"x":-0.5015499591827393,"y":-0.626988410949707,"z":-0.14098644256591798},"rotation":{"x":0.14489825069904328,"y":0.03774822875857353,"z":-0.005331011489033699,"w":0.9887725114822388},"size":2.8578836917877199,"orthographic":false}