{"cameraMode":{"drawMode":0,"name":"Shaded","section":"Shading Mode"},"sceneLighting":false,"audioPlay":false,"sceneViewState":{"showFog":false,"showMaterialUpdate":false,"showSkybox":false,"showFlares":false,"showImageEffects":false,"showParticleSystems":false},"in2DMode":false,"pivot":{"x":0.06670236587524414,"y":44.291751861572269,"z":-5.968921661376953},"rotation":{"x":0.06293250620365143,"y":0.03507455438375473,"z":-0.0019723931327462198,"w":0.9974641799926758},"size":8.106535911560059,"orthographic":false}