{"cameraMode":{"drawMode":0,"name":"Shaded","section":"Shading Mode"},"sceneLighting":true,"audioPlay":false,"sceneViewState":{"showFog":false,"showMaterialUpdate":false,"showSkybox":false,"showFlares":false,"showImageEffects":false,"showParticleSystems":false},"in2DMode":false,"pivot":{"x":76.31879425048828,"y":-22.34554672241211,"z":90.0},"rotation":{"x":0.07493273913860321,"y":-0.0068241083063185219,"z":0.0006561701302416623,"w":0.9972414374351502},"size":51.454349517822269,"orthographic":false}