{"cameraMode":{"drawMode":0,"name":"Shaded","section":"Shading Mode"},"sceneLighting":false,"audioPlay":false,"sceneViewState":{"showFog":false,"showMaterialUpdate":false,"showSkybox":false,"showFlares":false,"showImageEffects":false,"showParticleSystems":false},"in2DMode":false,"pivot":{"x":-6.694330215454102,"y":24.352054595947267,"z":5.309017658233643},"rotation":{"x":0.07572530210018158,"y":0.1392912119626999,"z":-0.010355929844081402,"w":0.9873508810997009},"size":53.92012405395508,"orthographic":false}