{"cameraMode":{"drawMode":0,"name":"Shaded","section":"Shading Mode"},"sceneLighting":false,"audioPlay":false,"sceneViewState":{"showFog":false,"showMaterialUpdate":false,"showSkybox":false,"showFlares":false,"showImageEffects":false,"showParticleSystems":false},"in2DMode":false,"pivot":{"x":6.250799179077148,"y":45.24597930908203,"z":-11.550544738769532},"rotation":{"x":0.17976965010166169,"y":0.1549050509929657,"z":-0.02834131568670273,"w":0.9710750579833984},"size":47.429176330566409,"orthographic":false}