{"cameraMode":{"drawMode":0,"name":"Shaded","section":"Shading Mode"},"sceneLighting":false,"audioPlay":false,"sceneViewState":{"showFog":false,"showMaterialUpdate":false,"showSkybox":false,"showFlares":false,"showImageEffects":false,"showParticleSystems":false},"in2DMode":false,"pivot":{"x":0.0666203498840332,"y":38.498291015625,"z":-9.40246295928955},"rotation":{"x":0.1320371925830841,"y":0.19411928951740266,"z":-0.02613936737179756,"w":0.9717659950256348},"size":33.655906677246097,"orthographic":false}