{"cameraMode":{"drawMode":0,"name":"Shaded","section":"Shading Mode"},"sceneLighting":false,"audioPlay":false,"sceneViewState":{"showFog":false,"showMaterialUpdate":false,"showSkybox":false,"showFlares":false,"showImageEffects":false,"showParticleSystems":false},"in2DMode":false,"pivot":{"x":-0.15999996662139893,"y":12.289999961853028,"z":-14.52186393737793},"rotation":{"x":0.26405954360961916,"y":0.503799557685852,"z":-0.16479618847370149,"w":0.8058759570121765},"size":4.424426078796387,"orthographic":false}